brand,engine_power_hp,torque_nm,weight_kg,ground_clearance_mm,top_speed_kmph,zero_to_100_sec,seating_capacity,drivetrain,vehicle_class
Porsche,408,496,1512,120,256,3.855,4,RWD,Sports/Hyper
McLaren,428,575,1633,169,270,3.91,2,RWD,Sports/Hyper
McLaren,567,664,1524,125,293,3.345,2,AWD,Sports/Hyper
Ferrari,457,570,1761,118,264,3.925,2,AWD,Sports/Hyper
McLaren,392,467,1715,156,275,4.19,2,AWD,Sports/Hyper
Ferrari,420,504,1303,127,245,3.55,4,AWD,Sports/Hyper
McLaren,498,677,1736,154,275,3.745,4,RWD,Sports/Hyper
Ferrari,383,479,1593,134,249,4.08,2,RWD,Sports/Hyper
Ferrari,623,867,1398,168,318,3.12,2,AWD,Sports/Hyper
Porsche,566,687,1619,133,292,3.43,2,RWD,Sports/Hyper
Lamborghini,511,551,1871,148,291,3.83,2,RWD,Sports/Hyper
Ferrari,516,555,1855,141,295,3.795,4,AWD,Sedan/Hatchback
McLaren,586,871,1393,111,308,3.19,4,RWD,Sports/Hyper
McLaren,403,476,1453,167,256,3.805,2,AWD,Sports/Hyper
Porsche,543,647,1718,115,292,3.58,4,RWD,Sports/Hyper
McLaren,504,565,1620,133,285,3.605,2,AWD,Sports/Hyper
Ferrari,431,397,1664,165,264,3.93,2,RWD,Sports/Hyper
Lamborghini,430,470,1769,162,268,4.055,4,AWD,Sports/Hyper
McLaren,532,725,1936,114,276,3.82,4,AWD,Sports/Hyper
Ferrari,547,690,1511,112,283,3.38,4,AWD,Sports/Hyper
Porsche,626,644,1756,127,315,3.405,4,RWD,Sports/Hyper
McLaren,566,647,1524,135,303,3.345,4,RWD,Sports/Hyper
McLaren,380,426,1599,125,237,4.105,2,AWD,Sports/Hyper
Ferrari,494,522,1496,127,270,3.515,4,AWD,Sports/Hyper
Ferrari,585,598,1779,157,308,3.52,4,AWD,Sports/Hyper
Lamborghini,430,391,1663,139,255,3.935,4,AWD,Sports/Hyper
McLaren,706,1039,1423,142,326,3.01,2,AWD,Sports/Hyper
Ferrari,705,882,1588,140,333,3.125,2,AWD,Sports/Hyper
Lamborghini,413,364,1748,140,257,4.115,4,AWD,Sports/Hyper
Lamborghini,619,732,1699,111,297,3.37,4,RWD,Sports/Hyper
Lamborghini,450,522,1659,134,248,3.845,4,RWD,Sports/Hyper
Lamborghini,647,690,1880,121,304,3.455,2,RWD,Truck
Lamborghini,442,524,1595,131,261,3.805,4,AWD,Truck
Ferrari,669,780,1349,148,325,3.01,4,AWD,SUV/MPV
Ferrari,674,764,1650,165,320,3.225,2,RWD,Sports/Hyper
Ferrari,389,558,1940,110,265,4.495,4,AWD,Sports/Hyper
McLaren,281,310,1489,148,242,4.65,4,RWD,Sports/Hyper
Porsche,354,406,1622,158,244,4.29,4,AWD,Sports/Hyper
Ferrari,509,662,1740,145,264,3.71,4,AWD,Sports/Hyper
Ferrari,621,669,1898,137,299,3.53,4,AWD,Sports/Hyper
McLaren,611,661,1881,112,310,3.54,2,RWD,Sports/Hyper
Porsche,474,502,1679,150,289,3.77,2,AWD,Sports/Hyper
McLaren,656,684,1928,119,313,3.47,2,RWD,Sports/Hyper
Lamborghini,551,606,1477,141,305,3.34,2,AWD,Sports/Hyper
McLaren,716,746,1822,134,338,3.27,4,RWD,Sports/Hyper
Ferrari,515,787,1612,114,296,3.565,2,AWD,Sports/Hyper
Porsche,307,376,1473,167,237,4.4,2,RWD,Sports/Hyper
Ferrari,579,636,1670,147,313,3.44,2,AWD,Sports/Hyper
Porsche,447,619,1573,116,262,3.76,2,RWD,Sports/Hyper
Lamborghini,484,552,1597,128,295,3.65,2,AWD,SUV/MPV
Porsche,491,662,1433,110,284,3.46,2,RWD,Sports/Hyper
Lamborghini,664,583,1800,153,329,3.355,2,AWD,Sports/Hyper
Porsche,497,528,1629,150,281,3.64,2,AWD,Sports/Hyper
Lamborghini,515,608,1711,141,285,3.66,4,AWD,Sports/Hyper
McLaren,731,732,1342,159,349,2.92,4,AWD,Sports/Hyper
Ferrari,684,735,1966,155,328,3.435,2,RWD,Sports/Hyper
McLaren,443,564,1669,156,261,3.885,2,RWD,Sports/Hyper
Porsche,644,856,1828,110,326,3.42,2,AWD,Sports/Hyper
Ferrari,636,833,1774,146,319,3.395,4,AWD,Sports/Hyper
Ferrari,394,398,1637,158,248,4.075,4,AWD,Sports/Hyper
Lamborghini,332,449,1528,121,241,4.3,2,AWD,Truck
Ferrari,580,612,1725,130,289,3.485,4,AWD,Sports/Hyper
Porsche,383,597,1623,136,269,4.12,2,RWD,SUV/MPV
Ferrari,576,706,1890,138,300,3.64,4,AWD,Sports/Hyper
Ferrari,514,608,1785,152,287,3.735,2,AWD,Sports/Hyper
McLaren,635,688,1897,113,298,3.495,4,RWD,Sports/Hyper
Ferrari,515,529,1644,131,273,3.595,2,AWD,Sports/Hyper
Ferrari,266,383,1486,135,228,4.795,2,RWD,Sports/Hyper
Ferrari,443,601,1663,117,264,3.875,2,RWD,Sports/Hyper
McLaren,572,622,1480,111,312,3.295,2,AWD,Sports/Hyper
Porsche,354,424,1799,160,236,4.54,2,AWD,Sports/Hyper
Ferrari,433,581,1836,126,254,4.12,2,AWD,Sports/Hyper
Porsche,370,503,1560,117,258,4.11,4,RWD,Sports/Hyper
Porsche,545,684,1351,154,297,3.24,4,RWD,Sports/Hyper
Lamborghini,686,833,1577,139,320,3.15,2,AWD,Sports/Hyper
Porsche,649,832,1745,166,306,3.345,4,RWD,Sports/Hyper
McLaren,480,544,1742,156,265,3.815,2,AWD,Sports/Hyper
Lamborghini,476,688,1405,159,254,3.475,4,AWD,Sports/Hyper
Porsche,605,734,1673,139,295,3.385,2,RWD,Sports/Hyper
McLaren,397,456,1487,131,255,3.875,4,AWD,Sports/Hyper
Porsche,676,874,1636,168,324,3.21,4,AWD,Sports/Hyper
McLaren,402,582,1461,160,253,3.815,2,AWD,Sports/Hyper
Ferrari,672,794,1686,149,289,3.255,4,RWD,Sports/Hyper
Lamborghini,321,341,1938,148,253,5.02,2,AWD,Sports/Hyper
Lamborghini,464,594,1816,119,266,3.955,2,RWD,Sports/Hyper
Porsche,674,866,1517,138,307,3.125,4,RWD,Sports/Hyper
Lamborghini,494,549,1455,152,302,3.475,2,RWD,Sports/Hyper
McLaren,422,501,1821,127,265,4.16,2,RWD,Sports/Hyper
McLaren,446,566,2016,151,270,4.26,2,AWD,Sports/Hyper
Lamborghini,572,582,1578,155,290,3.38,4,AWD,Sports/Hyper
Ferrari,601,719,1682,119,300,3.4,4,RWD,Sports/Hyper
Lamborghini,413,492,1662,136,268,4.01,4,RWD,Sports/Hyper
Lamborghini,324,341,1656,162,225,4.555,4,RWD,Sports/Hyper
McLaren,478,439,1625,150,281,3.7,2,AWD,Sports/Hyper
Porsche,439,500,1849,160,268,4.105,2,AWD,Sports/Hyper
Lamborghini,518,628,1534,110,270,3.48,4,RWD,Sports/Hyper
Ferrari,554,595,1667,117,294,3.505,2,RWD,Sports/Hyper
McLaren,657,811,1939,141,313,3.475,4,RWD,Sports/Hyper
Porsche,698,766,1548,160,321,3.11,2,AWD,Sports/Hyper
Lamborghini,576,647,1447,116,285,3.255,4,RWD,Off-Roader
Porsche,488,634,1486,151,286,3.525,2,AWD,Sports/Hyper
Ferrari,475,515,1708,153,289,3.8,2,AWD,Sports/Hyper
Ferrari,652,783,1577,159,315,3.21,2,RWD,Sports/Hyper
McLaren,354,397,1764,135,245,4.49,4,RWD,Sports/Hyper
Lamborghini,455,629,1817,143,258,3.995,2,RWD,SUV/MPV
McLaren,517,529,1514,154,295,3.465,2,RWD,Sports/Hyper
McLaren,483,569,1680,160,278,3.74,4,RWD,Sports/Hyper
Lamborghini,462,617,1659,164,250,3.795,2,AWD,Sports/Hyper
Porsche,563,594,1559,126,275,3.385,4,RWD,Sports/Hyper
Ferrari,693,729,1765,152,318,3.275,4,AWD,Sports/Hyper
Kia,178,234,1760,208,176,9.195,5,FWD,SUV/MPV
Mahindra,217,381,1844,229,198,8.5,7,FWD,Truck
Mahindra,190,396,2081,166,186,9.725,5,RWD,Sports/Hyper
Hyundai,183,301,1960,218,184,9.605,7,RWD,SUV/MPV
Hyundai,130,200,2388,214,166,13.435,5,RWD,SUV/MPV
Hyundai,157,282,2162,214,186,11.135,5,AWD,SUV/MPV
Tata,187,398,2343,169,178,10.515,7,FWD,SUV/MPV
Tata,276,334,2308,177,197,8.43,7,FWD,SUV/MPV
Kia,173,203,2154,196,178,10.475,5,FWD,SUV/MPV
Toyota,187,465,1924,211,178,9.395,7,RWD,SUV/MPV
Hyundai,214,367,2543,162,190,10.19,7,AWD,Truck
Mahindra,172,322,1592,227,190,8.88,7,FWD,SUV/MPV
Toyota,192,295,2128,164,189,9.79,5,RWD,SUV/MPV
Mahindra,202,355,1776,219,182,8.645,7,FWD,SUV/MPV
Kia,97,273,1843,192,171,13.75,7,RWD,SUV/MPV
Mahindra,237,292,2220,201,189,8.935,7,RWD,SUV/MPV
Hyundai,153,339,2403,169,175,12.105,7,RWD,SUV/MPV
Hyundai,178,258,2014,172,191,9.905,7,RWD,SUV/MPV
Kia,232,473,2483,189,197,9.6,5,AWD,SUV/MPV
Tata,242,399,2204,227,204,8.805,5,FWD,SUV/MPV
Tata,153,319,2219,166,169,11.5,5,RWD,SUV/MPV
Mahindra,169,209,1813,163,176,9.615,5,RWD,SUV/MPV
Kia,153,323,2535,226,189,12.535,5,AWD,SUV/MPV
Toyota,210,352,2100,184,183,9.25,7,AWD,SUV/MPV
Kia,204,321,1460,205,193,7.83,7,RWD,SUV/MPV
Toyota,129,302,2247,176,175,12.96,7,FWD,SUV/MPV
Kia,165,321,2269,223,173,11.125,5,FWD,SUV/MPV
Mahindra,250,330,1890,192,207,8.03,7,AWD,SUV/MPV
Tata,179,271,1618,179,173,8.77,5,AWD,SUV/MPV
Hyundai,161,181,2192,205,175,11.055,7,AWD,SUV/MPV
Toyota,144,355,1850,167,188,10.675,7,AWD,SUV/MPV
Hyundai,219,392,1980,181,212,8.77,7,RWD,SUV/MPV
Mahindra,175,215,1555,214,176,8.695,7,RWD,SUV/MPV
Tata,217,315,2313,194,223,9.58,5,FWD,SUV/MPV
Tata,214,363,1744,179,201,8.325,7,AWD,SUV/MPV
Hyundai,239,475,1898,195,196,8.22,7,RWD,SUV/MPV
Tata,155,234,1943,201,181,10.52,7,AWD,SUV/MPV
Toyota,164,242,2197,161,189,10.95,5,AWD,SUV/MPV
Tata,163,298,1654,215,178,9.325,7,FWD,SUV/MPV
Tata,130,181,2273,160,151,12.99,5,RWD,SUV/MPV
Mahindra,198,323,1945,208,199,9.16,5,RWD,SUV/MPV
Hyundai,249,455,2757,188,195,9.785,5,RWD,SUV/MPV
Tata,188,358,2426,212,192,10.7,7,RWD,SUV/MPV
Tata,183,407,1831,182,182,9.255,7,AWD,SUV/MPV
Mahindra,169,213,2000,206,199,10.165,7,FWD,SUV/MPV
Toyota,192,364,2036,205,189,9.55,7,FWD,SUV/MPV
Hyundai,152,170,1514,223,185,9.23,7,RWD,SUV/MPV
Tata,205,350,1782,178,198,8.595,7,AWD,SUV/MPV
Toyota,213,391,2054,174,180,9.07,5,AWD,SUV/MPV
Tata,169,242,2332,170,167,11.15,5,AWD,SUV/MPV
Tata,203,257,1872,174,190,8.86,5,RWD,Off-Roader
Toyota,226,356,2143,195,197,8.99,5,RWD,SUV/MPV
Tata,152,135,2216,186,175,11.54,5,RWD,SUV/MPV
Hyundai,128,240,2066,166,170,12.32,5,AWD,SUV/MPV
Toyota,214,343,1937,203,189,8.775,7,FWD,SUV/MPV
Hyundai,249,401,2089,201,186,8.445,7,FWD,SUV/MPV
Hyundai,147,357,2136,178,166,11.515,7,AWD,SUV/MPV
Toyota,213,358,2129,181,195,9.25,7,FWD,SUV/MPV
Toyota,139,283,2044,161,156,11.605,7,RWD,SUV/MPV
Tata,129,261,2169,201,165,12.655,7,RWD,SUV/MPV
Tata,225,446,1938,164,191,8.555,7,RWD,SUV/MPV
Hyundai,191,320,2174,203,170,9.94,7,AWD,SUV/MPV
Mahindra,219,341,1728,190,193,8.195,5,FWD,SUV/MPV
Mahindra,175,315,2241,182,185,10.655,7,RWD,SUV/MPV
Toyota,227,339,1979,175,196,8.61,7,AWD,Off-Roader
Toyota,233,309,2070,226,188,8.69,7,AWD,SUV/MPV
Toyota,170,303,1678,201,185,9.185,7,AWD,SUV/MPV
Toyota,202,337,2234,174,183,9.78,5,RWD,SUV/MPV
Toyota,196,424,1739,213,191,8.685,5,RWD,SUV/MPV
Mahindra,142,208,2193,227,164,11.97,5,RWD,SUV/MPV
Mahindra,211,301,2025,202,189,9.05,7,AWD,SUV/MPV
Kia,172,273,1928,209,180,9.855,5,RWD,SUV/MPV
Tata,183,227,1489,163,192,8.32,7,RWD,Sports/Hyper
Hyundai,187,325,2561,222,189,11.1,5,RWD,SUV/MPV
Mahindra,175,308,1915,214,189,9.72,7,AWD,SUV/MPV
Toyota,257,462,2213,172,190,8.555,5,AWD,SUV/MPV
Kia,229,256,1833,222,187,8.25,5,RWD,SUV/MPV
Mahindra,232,407,2158,211,201,8.9,5,AWD,SUV/MPV
Hyundai,186,293,1728,219,186,8.895,7,FWD,SUV/MPV
Toyota,234,338,2424,176,174,9.43,7,RWD,SUV/MPV
Mahindra,226,332,1638,210,189,7.875,7,RWD,SUV/MPV
Kia,163,207,1765,166,165,9.665,5,RWD,SUV/MPV
Tata,270,347,1686,167,203,7.37,7,FWD,SUV/MPV
Toyota,186,273,2099,221,183,9.89,5,AWD,SUV/MPV
Tata,136,239,2198,170,172,12.33,7,RWD,Truck
Tata,135,189,1487,203,164,9.755,7,RWD,SUV/MPV
Mahindra,160,283,1774,180,181,9.795,7,AWD,SUV/MPV
Tata,217,339,2363,188,192,9.695,5,AWD,SUV/MPV
Tata,148,218,1803,181,175,10.34,5,FWD,SUV/MPV
Toyota,213,396,2401,167,194,9.885,7,AWD,SUV/MPV
Hyundai,166,304,2206,169,171,10.895,5,AWD,SUV/MPV
Hyundai,272,480,1824,217,205,7.605,7,FWD,SUV/MPV
Hyundai,188,353,2221,163,151,10.155,5,FWD,SUV/MPV
Mahindra,154,206,1866,179,172,10.31,5,RWD,SUV/MPV
Hyundai,254,405,2291,189,191,8.76,7,RWD,SUV/MPV
Tata,150,269,2309,223,185,11.945,5,FWD,SUV/MPV
Kia,246,379,2010,206,185,8.335,5,FWD,SUV/MPV
Tata,236,416,2081,168,187,8.66,7,FWD,SUV/MPV
Toyota,226,292,2077,210,201,8.845,5,RWD,SUV/MPV
Hyundai,172,338,2243,223,175,10.77,5,AWD,SUV/MPV
Toyota,233,393,2194,190,192,8.96,7,FWD,SUV/MPV
Hyundai,155,282,1754,229,169,9.91,7,FWD,SUV/MPV
Hyundai,205,253,2375,191,178,10.045,7,RWD,SUV/MPV
Hyundai,182,318,2441,196,171,10.955,7,FWD,SUV/MPV
Hyundai,164,217,2028,192,173,10.435,5,FWD,SUV/MPV
Hyundai,208,482,2363,224,199,9.93,7,FWD,SUV/MPV
Tata,135,177,2720,218,182,14.325,7,RWD,SUV/MPV
Tata,202,284,1805,174,178,8.72,7,FWD,SUV/MPV
Kia,212,467,1469,203,211,7.715,5,AWD,SUV/MPV
Kia,244,507,2534,170,192,9.445,7,AWD,SUV/MPV
Hyundai,115,192,1096,181,152,9.165,5,RWD,Sedan/Hatchback
Skoda,146,298,1488,171,176,9.495,5,RWD,Off-Roader
Hyundai,75,60,1242,170,159,12.68,4,FWD,Sedan/Hatchback
Skoda,103,121,1222,148,168,10.33,5,RWD,Sedan/Hatchback
Skoda,144,193,1333,163,186,9.03,5,RWD,Sedan/Hatchback
Honda,93,125,1380,173,155,11.82,4,FWD,Sedan/Hatchback
Honda,144,248,1156,169,169,8.415,4,FWD,Sedan/Hatchback
Toyota,117,154,1179,140,164,9.44,5,FWD,Sedan/Hatchback
Honda,171,200,1381,185,174,8.44,5,RWD,Sedan/Hatchback
Honda,196,266,1254,166,194,7.6,5,RWD,Sedan/Hatchback
Maruti,157,210,1533,164,191,9.28,5,RWD,Sedan/Hatchback
Toyota,98,177,1124,159,170,10.135,4,FWD,Sedan/Hatchback
Skoda,148,178,1482,175,195,9.405,5,FWD,Sedan/Hatchback
Honda,120,209,1029,143,182,8.69,5,RWD,Sedan/Hatchback
Maruti,110,135,1802,187,163,12.59,5,RWD,Sedan/Hatchback
Skoda,141,161,1399,148,175,9.36,4,FWD,Sedan/Hatchback
Hyundai,146,221,1461,168,188,9.405,5,RWD,Sedan/Hatchback
Toyota,134,162,1842,161,175,11.275,5,FWD,Sedan/Hatchback
Hyundai,164,264,1175,156,177,7.98,4,RWD,Sedan/Hatchback
Maruti,90,73,1216,152,132,11.155,4,RWD,Sedan/Hatchback
Maruti,159,192,1259,163,186,8.36,4,FWD,Sedan/Hatchback
Skoda,169,245,1398,140,174,8.535,5,RWD,Sedan/Hatchback
Toyota,124,215,1089,144,163,8.79,5,FWD,Sedan/Hatchback
Honda,172,146,1380,186,174,8.41,5,RWD,Sedan/Hatchback
Hyundai,168,323,1739,141,169,9.575,4,FWD,Sedan/Hatchback
Skoda,170,268,1614,177,188,9.145,4,RWD,Sedan/Hatchback
Maruti,149,134,1245,177,182,8.58,5,FWD,Sedan/Hatchback
Toyota,137,219,1536,183,165,10.005,5,RWD,Sedan/Hatchback
Hyundai,199,304,902,175,171,6.665,5,FWD,Sedan/Hatchback
Toyota,91,102,964,158,167,9.695,4,RWD,Sedan/Hatchback
Hyundai,174,269,1344,187,198,8.26,5,RWD,Sedan/Hatchback
Honda,146,164,1638,142,174,10.01,4,FWD,Sedan/Hatchback
Hyundai,90,111,1346,176,175,11.88,5,FWD,Sedan/Hatchback
Skoda,124,171,1108,152,170,8.87,4,FWD,Sedan/Hatchback
Skoda,74,223,954,161,136,10.845,4,FWD,Sedan/Hatchback
Toyota,139,207,1360,160,159,9.29,5,FWD,Sedan/Hatchback
Toyota,176,294,1096,156,178,7.515,4,RWD,Sedan/Hatchback
Skoda,193,291,1359,175,186,7.92,5,FWD,Sedan/Hatchback
Toyota,186,230,1840,180,185,9.345,5,RWD,Sedan/Hatchback
Maruti,82,59,1583,163,148,14.05,4,FWD,Sedan/Hatchback
Honda,73,110,1777,186,157,16.57,4,FWD,Sedan/Hatchback
Maruti,90,104,1649,172,170,13.56,5,RWD,Sedan/Hatchback
Hyundai,85,163,927,171,149,9.855,5,FWD,Sedan/Hatchback
Honda,194,301,1429,169,182,8.085,4,RWD,Sedan/Hatchback
Honda,160,199,1404,141,179,8.79,4,RWD,Sedan/Hatchback
Skoda,95,224,1380,184,168,11.665,5,RWD,Sedan/Hatchback
Hyundai,134,191,1587,141,155,10.32,5,FWD,Off-Roader
Honda,125,138,1217,168,164,9.27,4,FWD,Sedan/Hatchback
Maruti,140,153,1312,161,158,9.085,4,FWD,Sedan/Hatchback
Hyundai,83,208,1027,153,165,10.585,5,RWD,Sedan/Hatchback
Hyundai,146,153,1395,157,183,9.175,5,RWD,Sedan/Hatchback
Maruti,150,154,1286,162,175,8.685,5,RWD,Sedan/Hatchback
Hyundai,79,128,1762,183,145,15.55,5,RWD,Sedan/Hatchback
Maruti,167,232,1270,162,184,8.2,5,FWD,Sedan/Hatchback
Maruti,105,157,1275,160,165,10.47,5,FWD,Sedan/Hatchback
Honda,163,267,1113,186,175,7.815,5,RWD,Sedan/Hatchback
Honda,161,186,1428,161,192,8.835,4,RWD,Sedan/Hatchback
Maruti,144,185,1343,175,170,9.065,4,RWD,Sedan/Hatchback
Skoda,208,322,1104,176,186,7.055,5,RWD,Sedan/Hatchback
Skoda,86,104,846,182,162,9.32,4,RWD,Sedan/Hatchback
Hyundai,177,272,1062,151,198,7.4,4,RWD,Sedan/Hatchback
Maruti,138,100,1603,172,165,10.21,4,RWD,Sedan/Hatchback
Toyota,71,124,1380,186,174,14.12,4,FWD,Sedan/Hatchback
Honda,124,107,1527,168,160,10.555,4,FWD,Sedan/Hatchback
Toyota,174,242,1363,161,184,8.315,4,FWD,Sedan/Hatchback
Honda,163,251,1584,152,193,9.26,4,RWD,Sedan/Hatchback
Toyota,188,280,1388,186,189,8.09,4,FWD,Sedan/Hatchback
Skoda,113,159,1405,185,149,10.615,4,RWD,Sedan/Hatchback
Toyota,100,113,1241,184,149,10.605,4,RWD,Sedan/Hatchback
Honda,74,119,1550,176,158,14.875,4,RWD,Sedan/Hatchback
Skoda,97,138,1095,173,168,10.045,4,FWD,Sedan/Hatchback
Toyota,140,206,1247,186,178,8.855,5,FWD,Sports/Hyper
Skoda,112,180,1646,149,175,11.75,5,FWD,Sedan/Hatchback
Honda,155,193,1381,168,184,8.855,4,RWD,Sedan/Hatchback
Skoda,101,98,1661,169,146,12.625,4,FWD,Sedan/Hatchback
Toyota,195,174,1540,140,196,8.35,5,FWD,Sedan/Hatchback
Skoda,130,148,1266,143,176,9.27,4,RWD,Sedan/Hatchback
Hyundai,61,55,1755,179,138,18.785,4,FWD,Sedan/Hatchback
Honda,164,206,1549,187,171,9.125,4,RWD,Sedan/Hatchback
Honda,89,101,1408,179,158,12.31,4,FWD,Sedan/Hatchback
Toyota,145,187,1077,162,184,8.115,4,FWD,Sedan/Hatchback
Hyundai,190,232,1459,179,186,8.24,4,FWD,Sedan/Hatchback
Maruti,126,178,1360,144,157,9.795,4,FWD,Sedan/Hatchback
Honda,125,137,1416,186,164,10.065,5,RWD,Sedan/Hatchback
Hyundai,142,180,1233,149,175,8.74,5,FWD,Sedan/Hatchback
Toyota,131,100,1790,186,167,11.23,4,FWD,Sedan/Hatchback
Hyundai,139,219,1221,179,170,8.79,4,RWD,Sedan/Hatchback
Hyundai,144,163,1398,180,183,9.255,4,FWD,Sedan/Hatchback
Skoda,114,218,1132,140,175,9.365,4,FWD,Sedan/Hatchback
Maruti,188,304,1073,153,182,7.255,5,FWD,Sedan/Hatchback
Skoda,94,187,1459,187,160,12.16,5,RWD,Sedan/Hatchback
Honda,191,280,1116,176,182,7.32,5,FWD,Sedan/Hatchback
Maruti,189,247,1787,188,181,9.13,5,RWD,Sedan/Hatchback
Skoda,121,230,1264,172,165,9.625,5,RWD,Sedan/Hatchback
Honda,97,108,1579,168,164,12.54,5,RWD,Sedan/Hatchback
Maruti,126,201,1343,141,161,9.73,5,RWD,Off-Roader
Toyota,158,160,1118,146,168,7.94,4,FWD,Sedan/Hatchback
Honda,133,183,1524,178,171,10.13,4,FWD,Sedan/Hatchback
Skoda,98,140,1079,173,152,9.905,5,FWD,Sedan/Hatchback
Honda,111,194,1365,141,190,10.55,4,RWD,Sedan/Hatchback
Maruti,151,217,977,184,188,7.635,5,FWD,Sedan/Hatchback
Hyundai,103,191,1214,171,153,10.295,5,RWD,Sedan/Hatchback
Toyota,136,195,1263,168,174,9.045,4,FWD,Sedan/Hatchback
Maruti,116,201,1033,162,156,8.855,4,RWD,Sedan/Hatchback
Maruti,127,114,1207,150,165,9.15,5,RWD,Sedan/Hatchback
Maruti,192,233,1489,166,200,8.28,5,RWD,Sedan/Hatchback
Toyota,132,120,1654,172,173,10.665,5,FWD,Sedan/Hatchback
Toyota,117,108,1098,182,146,9.09,4,FWD,Sedan/Hatchback
Toyota,181,221,1240,167,183,7.825,4,FWD,Sedan/Hatchback
Skoda,158,231,1324,186,181,8.59,5,FWD,Sedan/Hatchback
Ashok Leyland,250,1269,9652,251,113,12.805,3,RWD,Truck
Tata,292,896,5844,260,125,12.26,2,AWD,Truck
Volvo,285,1002,7182,279,128,12.585,2,AWD,Truck
Tata,206,979,7702,265,111,12.935,2,AWD,Truck
Ashok Leyland,289,1034,8905,235,128,13.305,3,RWD,Truck
Volvo,220,702,7926,208,110,14.645,2,RWD,Truck
Tata,420,1036,9913,200,135,13.785,3,RWD,Truck
Ashok Leyland,398,876,8960,216,137,14.115,2,RWD,Truck
Tata,310,722,10376,242,127,16.185,2,RWD,Truck
Tata,410,1063,7346,255,147,12.455,2,RWD,Truck
Ashok Leyland,303,716,7983,240,125,14.575,2,RWD,Truck
Volvo,348,747,6524,256,133,13.365,2,RWD,Truck
Ashok Leyland,337,1073,6685,277,126,12.115,3,AWD,Truck
Ashok Leyland,251,829,7972,201,118,13.81,3,AWD,Truck
Ashok Leyland,311,799,5449,244,143,12.41,3,RWD,Truck
Tata,297,756,6750,257,125,13.465,2,AWD,Truck
Ashok Leyland,394,1292,4845,260,142,10.875,2,RWD,Truck
Ashok Leyland,314,792,9739,275,131,15.15,3,AWD,Truck
Ashok Leyland,330,901,5964,266,138,12.31,3,RWD,Truck
Volvo,244,1116,8392,221,108,12.76,3,RWD,Truck
Tata,416,1062,6564,227,149,12.09,3,RWD,Truck
Tata,374,806,6236,255,141,12.87,3,RWD,SUV/MPV
Tata,432,1075,6588,212,136,12.065,2,RWD,Truck
Volvo,397,849,9542,278,149,14.62,3,RWD,Truck
Tata,465,720,8105,218,148,14.63,2,AWD,Truck
Volvo,300,1041,6329,220,128,12.04,3,AWD,Truck
Volvo,347,1132,5986,253,129,11.645,3,AWD,Truck
Volvo,294,1320,5437,203,128,11.06,2,RWD,Truck
Volvo,311,1131,9415,278,139,13.16,3,AWD,Truck
Tata,354,628,7861,248,132,15.26,3,AWD,Truck
Ashok Leyland,260,761,7302,229,122,13.8,2,AWD,Truck
Volvo,269,786,5703,272,134,12.63,2,RWD,Truck
Volvo,263,963,6058,211,120,12.145,2,RWD,Truck
Ashok Leyland,273,1132,9351,233,134,13.13,2,AWD,Truck
Tata,254,1167,9045,239,120,12.875,3,AWD,Truck
Volvo,262,693,4497,227,118,12.245,2,AWD,Truck
Ashok Leyland,369,859,7600,223,158,13.425,2,AWD,Truck
Volvo,334,891,7595,252,133,13.26,3,AWD,Truck
Tata,211,1037,4592,239,106,11.215,3,AWD,Truck
Tata,364,1186,8257,247,146,12.48,3,AWD,Off-Roader
Tata,380,1163,8053,259,128,12.46,3,AWD,Truck
Tata,325,857,9658,266,121,14.635,3,RWD,Truck
Volvo,410,845,7543,209,137,13.465,2,AWD,Truck
Volvo,443,1151,4497,221,165,10.955,3,RWD,Truck
Tata,272,1085,4925,200,126,11.27,2,RWD,Truck
Volvo,206,772,10036,258,118,15.5,2,RWD,Truck
Ashok Leyland,356,1107,7756,212,145,12.505,2,RWD,Truck
Ashok Leyland,295,1192,7038,252,128,11.95,2,AWD,Truck
Volvo,420,860,7014,211,141,13.08,2,RWD,Truck
Tata,430,979,8235,231,152,13.205,3,RWD,Truck
Tata,260,757,4569,210,120,12.02,3,RWD,Truck
Ashok Leyland,370,812,6474,237,141,12.985,2,RWD,Truck
Tata,268,901,8284,259,118,13.595,3,RWD,Truck
Ashok Leyland,383,860,10140,203,140,14.895,3,AWD,Truck
Ashok Leyland,341,1212,7415,266,138,12.06,3,RWD,Truck
Tata,385,1196,7596,265,130,12.175,3,RWD,Off-Roader
Ashok Leyland,371,1140,5243,214,150,11.3,3,AWD,Truck
Volvo,287,691,6277,267,130,13.54,2,AWD,Truck
Tata,375,819,6694,251,144,13.085,2,AWD,Truck
Ashok Leyland,272,886,6283,268,121,12.545,2,RWD,Truck
Ashok Leyland,233,1048,10271,272,105,13.9,2,RWD,Truck
Volvo,347,1204,9521,221,131,12.955,3,RWD,Truck
Volvo,297,1028,6037,279,127,11.935,3,AWD,Truck
Ashok Leyland,396,663,10019,234,117,16.555,3,AWD,Truck
Ashok Leyland,305,1105,4952,268,126,11.24,3,AWD,Truck
Ashok Leyland,323,1257,7003,217,120,11.785,3,RWD,Truck
Volvo,219,1109,9370,234,116,13.225,2,AWD,Truck
Ashok Leyland,331,1057,6658,264,130,12.15,2,AWD,Truck
Volvo,435,991,6602,279,142,12.33,3,AWD,Truck
Volvo,395,691,6568,242,142,13.755,2,RWD,Truck
Ashok Leyland,196,911,9478,217,110,14.2,3,RWD,Truck
Ashok Leyland,384,1054,8564,255,136,13.065,3,RWD,Truck
Tata,348,825,4701,273,120,11.85,3,AWD,Truck
Tata,335,943,8073,240,141,13.28,2,RWD,Truck
Volvo,410,728,5949,202,149,13.085,2,AWD,Truck
Volvo,333,712,5775,229,139,13.055,2,AWD,Truck
Tata,372,1058,7952,224,135,12.76,3,RWD,Truck
Ashok Leyland,317,1064,9988,263,122,13.695,3,AWD,Truck
Volvo,322,820,9907,247,138,15.04,3,AWD,Truck
Volvo,417,1088,9392,245,146,13.315,2,AWD,Truck
Tata,379,641,4408,207,132,12.44,2,AWD,Truck
Tata,195,1170,8426,236,102,12.6,2,RWD,Truck
Tata,382,730,8107,219,144,14.555,2,AWD,Truck
Tata,247,951,4582,242,112,11.41,3,AWD,Truck
Tata,288,862,9868,231,129,14.725,3,AWD,Truck
Ashok Leyland,304,807,8098,276,134,14.015,3,RWD,Truck
Tata,293,1251,4993,260,120,10.995,2,RWD,Truck
Tata,382,603,6159,215,132,14.105,3,AWD,Truck
Ashok Leyland,391,894,6846,270,134,12.83,3,AWD,Truck
Tata,221,1013,8549,276,115,13.22,3,RWD,Truck
Tata,345,1048,8667,275,123,13.135,3,RWD,Truck
Ashok Leyland,223,580,9254,226,131,16.98,3,RWD,Truck
Tata,281,1000,7047,217,107,12.525,3,AWD,Truck
Tata,375,525,10381,235,144,18.885,3,AWD,Truck
Ashok Leyland,230,736,6923,269,108,13.705,3,AWD,Truck
Tata,319,1199,11106,226,134,13.63,3,RWD,Truck
Volvo,292,802,8212,253,136,14.12,3,RWD,Truck
Tata,269,944,5931,268,129,12.14,3,RWD,Truck
Volvo,294,913,9510,219,124,14.21,3,RWD,Truck
Tata,404,1140,3829,202,147,10.68,3,RWD,Truck
Ashok Leyland,467,978,6425,218,153,12.285,3,RWD,Truck
Tata,412,726,8450,242,127,14.82,2,AWD,Truck
Volvo,495,805,5166,254,147,12.21,3,RWD,Truck
Ashok Leyland,384,1008,7085,241,126,12.515,3,RWD,Truck
Volvo,328,955,8971,236,140,13.695,3,RWD,Truck
Ashok Leyland,291,1051,7011,210,121,12.335,3,AWD,Truck
Tata,398,1172,4420,235,151,10.885,3,AWD,Truck
Ashok Leyland,192,758,7389,246,111,13.875,2,AWD,Truck
Ashok Leyland,316,897,7612,209,126,13.245,2,RWD,Truck
Ashok Leyland,318,1080,5509,203,134,11.55,2,RWD,Truck
Land Rover,185,362,2024,207,162,10.22,5,RWD,Off-Roader
Land Rover,314,596,1976,279,222,7.895,5,AWD,Off-Roader
Jeep,275,568,1733,260,196,7.9,4,AWD,Off-Roader
Land Rover,299,497,2405,219,185,8.77,4,RWD,Off-Roader
Land Rover,201,294,2597,204,182,11.21,5,RWD,Sedan/Hatchback
Land Rover,271,438,2044,200,188,8.52,5,AWD,Off-Roader
Jeep,252,590,2249,274,191,9.21,4,AWD,Off-Roader
Jeep,300,574,2038,211,215,8.145,5,AWD,Off-Roader
Toyota,220,434,1983,192,170,9.255,4,RWD,Off-Roader
Ford,264,338,2006,197,208,8.55,4,RWD,Off-Roader
Ford,237,474,2248,198,201,9.495,5,RWD,Off-Roader
Toyota,251,462,2657,269,186,10.045,5,RWD,Off-Roader
Jeep,231,433,2703,207,190,10.6,5,AWD,Off-Roader
Ford,182,301,2256,198,165,10.95,5,RWD,Off-Roader
Jeep,229,497,2840,214,170,10.95,5,RWD,Off-Roader
Toyota,256,437,2747,208,173,10.115,4,AWD,Off-Roader
Toyota,214,294,2361,275,160,10.265,4,RWD,Off-Roader
Ford,208,443,2545,238,152,10.87,4,RWD,Off-Roader
Land Rover,251,560,2251,205,204,9.235,5,RWD,Sedan/Hatchback
Ford,161,324,2128,276,153,11.36,4,AWD,Off-Roader
Toyota,326,629,2474,280,189,8.545,4,RWD,Off-Roader
Jeep,277,618,2057,220,182,8.465,4,RWD,Off-Roader
Land Rover,192,297,2459,230,177,11.155,5,AWD,Off-Roader
Ford,190,405,2553,208,158,11.47,5,RWD,Off-Roader
Land Rover,289,571,2174,287,175,8.51,4,RWD,Off-Roader
Land Rover,317,617,2139,269,202,8.125,5,RWD,Off-Roader
Land Rover,318,649,2206,219,191,8.22,4,RWD,Off-Roader
Jeep,159,362,1924,198,161,10.8,5,RWD,Off-Roader
Land Rover,191,453,1617,282,179,8.985,4,RWD,Truck
Land Rover,243,462,1937,200,181,8.735,4,AWD,Off-Roader
Ford,201,465,2216,212,175,10.26,4,RWD,Off-Roader
Toyota,236,408,2029,270,172,9.05,4,RWD,Off-Roader
Toyota,325,611,2115,273,197,8.005,5,AWD,Off-Roader
Jeep,218,439,2087,244,185,9.535,4,AWD,Truck
Land Rover,135,329,2633,281,153,14.5,5,RWD,Off-Roader
Land Rover,232,457,2865,213,189,10.925,5,AWD,Off-Roader
Land Rover,264,490,2807,287,180,10.065,5,AWD,Off-Roader
Toyota,230,447,2027,198,173,9.155,4,AWD,Off-Roader
Toyota,337,595,2656,216,214,8.69,4,AWD,Off-Roader
Toyota,254,576,2640,270,167,9.945,4,RWD,Off-Roader
Jeep,288,527,2155,213,207,8.49,5,AWD,Off-Roader
Toyota,264,479,2105,197,184,8.735,4,AWD,Off-Roader
Land Rover,207,353,2100,268,175,9.82,5,RWD,Off-Roader
Land Rover,270,736,2718,203,212,9.785,5,AWD,Off-Roader
Jeep,147,205,2218,211,144,12.295,4,AWD,Off-Roader
Jeep,185,389,2852,228,162,12.46,5,RWD,Off-Roader
Ford,314,652,1807,262,197,7.625,4,RWD,Off-Roader
Toyota,236,513,2326,254,185,9.68,4,AWD,Off-Roader
Land Rover,160,306,1745,244,175,10.205,5,RWD,Off-Roader
Land Rover,222,375,2631,243,174,10.675,4,AWD,Off-Roader
Ford,202,442,2478,207,174,10.885,5,AWD,Off-Roader
Toyota,221,436,1774,236,191,8.765,5,RWD,Truck
Toyota,289,406,2620,251,198,9.285,5,AWD,Off-Roader
Jeep,187,398,2979,227,167,12.715,5,AWD,Off-Roader
Jeep,274,483,2743,259,185,9.755,4,AWD,Off-Roader
Ford,302,488,2237,254,195,8.455,5,RWD,Off-Roader
Land Rover,160,447,2530,199,152,12.655,5,AWD,Off-Roader
Land Rover,276,470,2601,259,194,9.46,4,RWD,Off-Roader
Toyota,280,528,2196,253,202,8.67,4,AWD,Off-Roader
Jeep,238,431,2336,215,205,9.66,4,AWD,Off-Roader
Toyota,216,450,1924,271,182,9.205,4,AWD,Off-Roader
Land Rover,232,557,2390,289,185,9.9,4,RWD,Off-Roader
Ford,240,472,2388,204,189,9.725,5,AWD,Off-Roader
Jeep,183,361,2110,204,146,10.515,4,AWD,Off-Roader
Land Rover,184,230,2417,230,176,11.32,4,RWD,Off-Roader
Ford,255,466,1993,198,180,8.66,5,AWD,Off-Roader
Jeep,192,337,2355,207,170,10.885,5,RWD,Off-Roader
Ford,227,485,1868,236,178,8.865,4,RWD,Off-Roader
Jeep,167,305,2528,215,168,12.32,5,RWD,Off-Roader
Jeep,278,510,1984,265,199,8.32,4,RWD,Off-Roader
Ford,243,511,2550,213,190,9.995,4,RWD,Off-Roader
Ford,211,503,1911,195,173,9.28,5,RWD,Off-Roader
Jeep,210,412,2550,273,167,10.82,4,AWD,Off-Roader
Land Rover,204,557,1602,287,181,8.675,5,RWD,Off-Roader
Land Rover,326,581,1898,192,206,7.66,4,RWD,Off-Roader
Land Rover,152,223,2420,201,163,12.71,5,AWD,Off-Roader
Jeep,261,531,2048,237,183,8.675,4,AWD,Off-Roader
Toyota,221,434,2010,282,181,9.3,5,AWD,Off-Roader
Toyota,310,633,2034,203,200,8.03,4,RWD,Sports/Hyper
Jeep,170,355,2136,201,172,11.03,4,RWD,Off-Roader
Jeep,325,726,2051,263,203,7.905,5,RWD,Off-Roader
Toyota,291,728,1972,242,182,8.14,5,RWD,Off-Roader
Land Rover,319,636,2136,228,203,8.1,5,RWD,Off-Roader
Land Rover,194,387,2224,251,180,10.48,5,RWD,Sedan/Hatchback
Jeep,289,478,2383,246,198,8.875,5,AWD,Truck
Land Rover,172,358,2607,221,162,12.33,5,RWD,Off-Roader
Toyota,213,432,2301,207,162,10.15,5,RWD,Off-Roader
Ford,269,526,2143,231,197,8.735,4,RWD,Off-Roader
Jeep,293,490,2094,197,185,8.325,5,AWD,Off-Roader
Land Rover,294,530,2098,265,179,8.32,5,AWD,Off-Roader
Toyota,264,511,2832,229,197,10.115,5,RWD,Off-Roader
Land Rover,256,390,2285,239,195,9.215,4,RWD,Off-Roader
Jeep,261,493,2372,193,180,9.295,4,RWD,Off-Roader
Land Rover,144,323,1975,214,166,11.61,5,RWD,Off-Roader
Ford,250,561,2539,245,172,9.83,4,AWD,Off-Roader
Ford,263,555,1991,242,186,8.535,4,AWD,Off-Roader
Jeep,231,430,2132,282,188,9.365,4,RWD,Off-Roader
Land Rover,184,435,2186,232,168,10.69,4,RWD,Off-Roader
Toyota,189,292,2886,217,192,12.385,5,RWD,Off-Roader
Toyota,216,309,2185,277,160,9.81,4,RWD,Off-Roader
Toyota,291,510,2079,191,177,8.32,4,RWD,Off-Roader
Jeep,282,561,1916,279,192,8.145,5,AWD,Off-Roader
Land Rover,258,505,2488,275,185,9.57,5,AWD,Off-Roader
Land Rover,285,564,2525,242,196,9.18,5,AWD,Off-Roader
Jeep,310,611,2836,207,208,9.325,5,RWD,Off-Roader
Jeep,254,458,2417,258,188,9.51,5,RWD,Off-Roader
Toyota,144,330,2011,252,160,11.735,4,RWD,Off-Roader
Jeep,205,452,2865,190,158,11.74,4,RWD,Off-Roader
Jeep,204,261,2331,208,180,10.465,5,AWD,Off-Roader
Toyota,280,498,2505,273,163,9.225,5,RWD,Off-Roader
